file,class,method,variable,usage
C:\Codes\lab02-experimentacao-grupo04\..\lab02-experimentacao-grupo04\nb-resource-hyperlink-at-cursor\src\main\java\de\markiewb\netbeans\plugins\resourcehyperlink\ResultTO.java,de.markiewb.netbeans.plugins.resourcehyperlink.ResultTO,"create/4[int,int,java.lang.String,java.util.Collection<de.markiewb.netbeans.plugins.resourcehyperlink.FileObject>]",endOffset,1
C:\Codes\lab02-experimentacao-grupo04\..\lab02-experimentacao-grupo04\nb-resource-hyperlink-at-cursor\src\main\java\de\markiewb\netbeans\plugins\resourcehyperlink\ResultTO.java,de.markiewb.netbeans.plugins.resourcehyperlink.ResultTO,"create/4[int,int,java.lang.String,java.util.Collection<de.markiewb.netbeans.plugins.resourcehyperlink.FileObject>]",startOffset,1
C:\Codes\lab02-experimentacao-grupo04\..\lab02-experimentacao-grupo04\nb-resource-hyperlink-at-cursor\src\main\java\de\markiewb\netbeans\plugins\resourcehyperlink\ResultTO.java,de.markiewb.netbeans.plugins.resourcehyperlink.ResultTO,"create/4[int,int,java.lang.String,java.util.Collection<de.markiewb.netbeans.plugins.resourcehyperlink.FileObject>]",foundFiles,1
C:\Codes\lab02-experimentacao-grupo04\..\lab02-experimentacao-grupo04\nb-resource-hyperlink-at-cursor\src\main\java\de\markiewb\netbeans\plugins\resourcehyperlink\ResultTO.java,de.markiewb.netbeans.plugins.resourcehyperlink.ResultTO,"create/4[int,int,java.lang.String,java.util.Collection<de.markiewb.netbeans.plugins.resourcehyperlink.FileObject>]",linkTarget,1
C:\Codes\lab02-experimentacao-grupo04\..\lab02-experimentacao-grupo04\nb-resource-hyperlink-at-cursor\src\main\java\de\markiewb\netbeans\plugins\resourcehyperlink\ResultTO.java,de.markiewb.netbeans.plugins.resourcehyperlink.ResultTO,"ResultTO/4[int,int,java.lang.String,java.util.Collection<de.markiewb.netbeans.plugins.resourcehyperlink.FileObject>]",endOffset,1
C:\Codes\lab02-experimentacao-grupo04\..\lab02-experimentacao-grupo04\nb-resource-hyperlink-at-cursor\src\main\java\de\markiewb\netbeans\plugins\resourcehyperlink\ResultTO.java,de.markiewb.netbeans.plugins.resourcehyperlink.ResultTO,"ResultTO/4[int,int,java.lang.String,java.util.Collection<de.markiewb.netbeans.plugins.resourcehyperlink.FileObject>]",startOffset,1
C:\Codes\lab02-experimentacao-grupo04\..\lab02-experimentacao-grupo04\nb-resource-hyperlink-at-cursor\src\main\java\de\markiewb\netbeans\plugins\resourcehyperlink\ResultTO.java,de.markiewb.netbeans.plugins.resourcehyperlink.ResultTO,"ResultTO/4[int,int,java.lang.String,java.util.Collection<de.markiewb.netbeans.plugins.resourcehyperlink.FileObject>]",foundFiles,2
C:\Codes\lab02-experimentacao-grupo04\..\lab02-experimentacao-grupo04\nb-resource-hyperlink-at-cursor\src\main\java\de\markiewb\netbeans\plugins\resourcehyperlink\ResultTO.java,de.markiewb.netbeans.plugins.resourcehyperlink.ResultTO,"ResultTO/4[int,int,java.lang.String,java.util.Collection<de.markiewb.netbeans.plugins.resourcehyperlink.FileObject>]",linkTarget,2
C:\Codes\lab02-experimentacao-grupo04\..\lab02-experimentacao-grupo04\nb-resource-hyperlink-at-cursor\src\main\java\de\markiewb\netbeans\plugins\resourcehyperlink\ResultTO.java,de.markiewb.netbeans.plugins.resourcehyperlink.ResultTO,"createEmpty/2[int,int]",endOffset,1
C:\Codes\lab02-experimentacao-grupo04\..\lab02-experimentacao-grupo04\nb-resource-hyperlink-at-cursor\src\main\java\de\markiewb\netbeans\plugins\resourcehyperlink\ResultTO.java,de.markiewb.netbeans.plugins.resourcehyperlink.ResultTO,"createEmpty/2[int,int]",startOffset,1
C:\Codes\lab02-experimentacao-grupo04\..\lab02-experimentacao-grupo04\nb-resource-hyperlink-at-cursor\src\main\java\de\markiewb\netbeans\plugins\resourcehyperlink\options\ConfigPanel.java,de.markiewb.netbeans.plugins.resourcehyperlink.options.ConfigPanel,initComponents/0,layout,9
C:\Codes\lab02-experimentacao-grupo04\..\lab02-experimentacao-grupo04\nb-resource-hyperlink-at-cursor\src\main\java\de\markiewb\netbeans\plugins\resourcehyperlink\options\ConfigPanel.java,de.markiewb.netbeans.plugins.resourcehyperlink.options.ConfigPanel,ConfigPanel/1[de.markiewb.netbeans.plugins.resourcehyperlink.options.ConfigOptionsPanelController],controller,2
C:\Codes\lab02-experimentacao-grupo04\..\lab02-experimentacao-grupo04\nb-resource-hyperlink-at-cursor\src\main\java\de\markiewb\netbeans\plugins\resourcehyperlink\ResourceHyperlinkProvider.java,de.markiewb.netbeans.plugins.resourcehyperlink.ResourceHyperlinkProvider$Anonymous2,"compare/2[de.markiewb.netbeans.plugins.resourcehyperlink.ResourceHyperlinkProvider.FileObjectTuple,de.markiewb.netbeans.plugins.resourcehyperlink.ResourceHyperlinkProvider.FileObjectTuple]",o1,1
C:\Codes\lab02-experimentacao-grupo04\..\lab02-experimentacao-grupo04\nb-resource-hyperlink-at-cursor\src\main\java\de\markiewb\netbeans\plugins\resourcehyperlink\ResourceHyperlinkProvider.java,de.markiewb.netbeans.plugins.resourcehyperlink.ResourceHyperlinkProvider$Anonymous2,"compare/2[de.markiewb.netbeans.plugins.resourcehyperlink.ResourceHyperlinkProvider.FileObjectTuple,de.markiewb.netbeans.plugins.resourcehyperlink.ResourceHyperlinkProvider.FileObjectTuple]",o2,1
C:\Codes\lab02-experimentacao-grupo04\..\lab02-experimentacao-grupo04\nb-resource-hyperlink-at-cursor\src\main\java\de\markiewb\netbeans\plugins\resourcehyperlink\ResourceHyperlinkProvider.java,de.markiewb.netbeans.plugins.resourcehyperlink.ResourceHyperlinkProvider,"updateCacheIfNecessary/2[javax.swing.text.Document,int]",timeExpired,2
C:\Codes\lab02-experimentacao-grupo04\..\lab02-experimentacao-grupo04\nb-resource-hyperlink-at-cursor\src\main\java\de\markiewb\netbeans\plugins\resourcehyperlink\ResourceHyperlinkProvider.java,de.markiewb.netbeans.plugins.resourcehyperlink.ResourceHyperlinkProvider,"updateCacheIfNecessary/2[javax.swing.text.Document,int]",offset,6
C:\Codes\lab02-experimentacao-grupo04\..\lab02-experimentacao-grupo04\nb-resource-hyperlink-at-cursor\src\main\java\de\markiewb\netbeans\plugins\resourcehyperlink\ResourceHyperlinkProvider.java,de.markiewb.netbeans.plugins.resourcehyperlink.ResourceHyperlinkProvider,"updateCacheIfNecessary/2[javax.swing.text.Document,int]",sameOffset,1
C:\Codes\lab02-experimentacao-grupo04\..\lab02-experimentacao-grupo04\nb-resource-hyperlink-at-cursor\src\main\java\de\markiewb\netbeans\plugins\resourcehyperlink\ResourceHyperlinkProvider.java,de.markiewb.netbeans.plugins.resourcehyperlink.ResourceHyperlinkProvider,"updateCacheIfNecessary/2[javax.swing.text.Document,int]",fileObject,3
C:\Codes\lab02-experimentacao-grupo04\..\lab02-experimentacao-grupo04\nb-resource-hyperlink-at-cursor\src\main\java\de\markiewb\netbeans\plugins\resourcehyperlink\ResourceHyperlinkProvider.java,de.markiewb.netbeans.plugins.resourcehyperlink.ResourceHyperlinkProvider,"updateCacheIfNecessary/2[javax.swing.text.Document,int]",nowMinus2Seconds,2
C:\Codes\lab02-experimentacao-grupo04\..\lab02-experimentacao-grupo04\nb-resource-hyperlink-at-cursor\src\main\java\de\markiewb\netbeans\plugins\resourcehyperlink\ResourceHyperlinkProvider.java,de.markiewb.netbeans.plugins.resourcehyperlink.ResourceHyperlinkProvider,"updateCacheIfNecessary/2[javax.swing.text.Document,int]",sameFile,1
C:\Codes\lab02-experimentacao-grupo04\..\lab02-experimentacao-grupo04\nb-resource-hyperlink-at-cursor\src\main\java\de\markiewb\netbeans\plugins\resourcehyperlink\ResourceHyperlinkProvider.java,de.markiewb.netbeans.plugins.resourcehyperlink.ResourceHyperlinkProvider,"updateCacheIfNecessary/2[javax.swing.text.Document,int]",withinOffSetRange,1
C:\Codes\lab02-experimentacao-grupo04\..\lab02-experimentacao-grupo04\nb-resource-hyperlink-at-cursor\src\main\java\de\markiewb\netbeans\plugins\resourcehyperlink\ResourceHyperlinkProvider.java,de.markiewb.netbeans.plugins.resourcehyperlink.ResourceHyperlinkProvider,"updateCacheIfNecessary/2[javax.swing.text.Document,int]",doc,2
C:\Codes\lab02-experimentacao-grupo04\..\lab02-experimentacao-grupo04\nb-resource-hyperlink-at-cursor\src\main\java\de\markiewb\netbeans\plugins\resourcehyperlink\ResourceHyperlinkProvider.java,de.markiewb.netbeans.plugins.resourcehyperlink.ResourceHyperlinkProvider,"updateCacheIfNecessary/2[javax.swing.text.Document,int]",isSameRequest,2
C:\Codes\lab02-experimentacao-grupo04\..\lab02-experimentacao-grupo04\nb-resource-hyperlink-at-cursor\src\main\java\de\markiewb\netbeans\plugins\resourcehyperlink\ResourceHyperlinkProvider.java,de.markiewb.netbeans.plugins.resourcehyperlink.ResourceHyperlinkProvider,"updateCacheIfNecessary/2[javax.swing.text.Document,int]",matches,2
C:\Codes\lab02-experimentacao-grupo04\..\lab02-experimentacao-grupo04\nb-resource-hyperlink-at-cursor\src\main\java\de\markiewb\netbeans\plugins\resourcehyperlink\ResourceHyperlinkProvider.java,de.markiewb.netbeans.plugins.resourcehyperlink.ResourceHyperlinkProvider,"getMatchingFilesFromOtherSourceRootsButWithinSamePackage/3[de.markiewb.netbeans.plugins.resourcehyperlink.Project,java.lang.String,de.markiewb.netbeans.plugins.resourcehyperlink.FileObject]",p,2
C:\Codes\lab02-experimentacao-grupo04\..\lab02-experimentacao-grupo04\nb-resource-hyperlink-at-cursor\src\main\java\de\markiewb\netbeans\plugins\resourcehyperlink\ResourceHyperlinkProvider.java,de.markiewb.netbeans.plugins.resourcehyperlink.ResourceHyperlinkProvider,"getMatchingFilesFromOtherSourceRootsButWithinSamePackage/3[de.markiewb.netbeans.plugins.resourcehyperlink.Project,java.lang.String,de.markiewb.netbeans.plugins.resourcehyperlink.FileObject]",packageInSourceRoot,2
C:\Codes\lab02-experimentacao-grupo04\..\lab02-experimentacao-grupo04\nb-resource-hyperlink-at-cursor\src\main\java\de\markiewb\netbeans\plugins\resourcehyperlink\ResourceHyperlinkProvider.java,de.markiewb.netbeans.plugins.resourcehyperlink.ResourceHyperlinkProvider,"getMatchingFilesFromOtherSourceRootsButWithinSamePackage/3[de.markiewb.netbeans.plugins.resourcehyperlink.Project,java.lang.String,de.markiewb.netbeans.plugins.resourcehyperlink.FileObject]",originFileObject,1
C:\Codes\lab02-experimentacao-grupo04\..\lab02-experimentacao-grupo04\nb-resource-hyperlink-at-cursor\src\main\java\de\markiewb\netbeans\plugins\resourcehyperlink\ResourceHyperlinkProvider.java,de.markiewb.netbeans.plugins.resourcehyperlink.ResourceHyperlinkProvider,"getMatchingFilesFromOtherSourceRootsButWithinSamePackage/3[de.markiewb.netbeans.plugins.resourcehyperlink.Project,java.lang.String,de.markiewb.netbeans.plugins.resourcehyperlink.FileObject]",originFolder,2
C:\Codes\lab02-experimentacao-grupo04\..\lab02-experimentacao-grupo04\nb-resource-hyperlink-at-cursor\src\main\java\de\markiewb\netbeans\plugins\resourcehyperlink\ResourceHyperlinkProvider.java,de.markiewb.netbeans.plugins.resourcehyperlink.ResourceHyperlinkProvider,"getMatchingFilesFromOtherSourceRootsButWithinSamePackage/3[de.markiewb.netbeans.plugins.resourcehyperlink.Project,java.lang.String,de.markiewb.netbeans.plugins.resourcehyperlink.FileObject]",sourceGroup,3
C:\Codes\lab02-experimentacao-grupo04\..\lab02-experimentacao-grupo04\nb-resource-hyperlink-at-cursor\src\main\java\de\markiewb\netbeans\plugins\resourcehyperlink\ResourceHyperlinkProvider.java,de.markiewb.netbeans.plugins.resourcehyperlink.ResourceHyperlinkProvider,"getMatchingFilesFromOtherSourceRootsButWithinSamePackage/3[de.markiewb.netbeans.plugins.resourcehyperlink.Project,java.lang.String,de.markiewb.netbeans.plugins.resourcehyperlink.FileObject]",foundMatches,3
C:\Codes\lab02-experimentacao-grupo04\..\lab02-experimentacao-grupo04\nb-resource-hyperlink-at-cursor\src\main\java\de\markiewb\netbeans\plugins\resourcehyperlink\ResourceHyperlinkProvider.java,de.markiewb.netbeans.plugins.resourcehyperlink.ResourceHyperlinkProvider,"getMatchingFilesFromOtherSourceRootsButWithinSamePackage/3[de.markiewb.netbeans.plugins.resourcehyperlink.Project,java.lang.String,de.markiewb.netbeans.plugins.resourcehyperlink.FileObject]",rootFolder,5
C:\Codes\lab02-experimentacao-grupo04\..\lab02-experimentacao-grupo04\nb-resource-hyperlink-at-cursor\src\main\java\de\markiewb\netbeans\plugins\resourcehyperlink\ResourceHyperlinkProvider.java,de.markiewb.netbeans.plugins.resourcehyperlink.ResourceHyperlinkProvider,"getMatchingFilesFromOtherSourceRootsButWithinSamePackage/3[de.markiewb.netbeans.plugins.resourcehyperlink.Project,java.lang.String,de.markiewb.netbeans.plugins.resourcehyperlink.FileObject]",packageName,3
C:\Codes\lab02-experimentacao-grupo04\..\lab02-experimentacao-grupo04\nb-resource-hyperlink-at-cursor\src\main\java\de\markiewb\netbeans\plugins\resourcehyperlink\ResourceHyperlinkProvider.java,de.markiewb.netbeans.plugins.resourcehyperlink.ResourceHyperlinkProvider,"getMatchingFilesFromOtherSourceRootsButWithinSamePackage/3[de.markiewb.netbeans.plugins.resourcehyperlink.Project,java.lang.String,de.markiewb.netbeans.plugins.resourcehyperlink.FileObject]",searchToken,1
C:\Codes\lab02-experimentacao-grupo04\..\lab02-experimentacao-grupo04\nb-resource-hyperlink-at-cursor\src\main\java\de\markiewb\netbeans\plugins\resourcehyperlink\ResourceHyperlinkProvider.java,de.markiewb.netbeans.plugins.resourcehyperlink.ResourceHyperlinkProvider,"getMatchingFilesFromOtherSourceRootsButWithinSamePackage/3[de.markiewb.netbeans.plugins.resourcehyperlink.Project,java.lang.String,de.markiewb.netbeans.plugins.resourcehyperlink.FileObject]",relative,2
C:\Codes\lab02-experimentacao-grupo04\..\lab02-experimentacao-grupo04\nb-resource-hyperlink-at-cursor\src\main\java\de\markiewb\netbeans\plugins\resourcehyperlink\ResourceHyperlinkProvider.java,de.markiewb.netbeans.plugins.resourcehyperlink.ResourceHyperlinkProvider,"getMatchingFilesFromOtherSourceRootsButWithinSamePackage/3[de.markiewb.netbeans.plugins.resourcehyperlink.Project,java.lang.String,de.markiewb.netbeans.plugins.resourcehyperlink.FileObject]",partialMatches,2
C:\Codes\lab02-experimentacao-grupo04\..\lab02-experimentacao-grupo04\nb-resource-hyperlink-at-cursor\src\main\java\de\markiewb\netbeans\plugins\resourcehyperlink\ResourceHyperlinkProvider.java,de.markiewb.netbeans.plugins.resourcehyperlink.ResourceHyperlinkProvider,"findByClassName/2[de.markiewb.netbeans.plugins.resourcehyperlink.FileObject,java.lang.String]",lastIndexOfDot,2
C:\Codes\lab02-experimentacao-grupo04\..\lab02-experimentacao-grupo04\nb-resource-hyperlink-at-cursor\src\main\java\de\markiewb\netbeans\plugins\resourcehyperlink\ResourceHyperlinkProvider.java,de.markiewb.netbeans.plugins.resourcehyperlink.ResourceHyperlinkProvider,"findByClassName/2[de.markiewb.netbeans.plugins.resourcehyperlink.FileObject,java.lang.String]",fqnClassName,4
C:\Codes\lab02-experimentacao-grupo04\..\lab02-experimentacao-grupo04\nb-resource-hyperlink-at-cursor\src\main\java\de\markiewb\netbeans\plugins\resourcehyperlink\ResourceHyperlinkProvider.java,de.markiewb.netbeans.plugins.resourcehyperlink.ResourceHyperlinkProvider,"findByClassName/2[de.markiewb.netbeans.plugins.resourcehyperlink.FileObject,java.lang.String]",qualifiedName,1
C:\Codes\lab02-experimentacao-grupo04\..\lab02-experimentacao-grupo04\nb-resource-hyperlink-at-cursor\src\main\java\de\markiewb\netbeans\plugins\resourcehyperlink\ResourceHyperlinkProvider.java,de.markiewb.netbeans.plugins.resourcehyperlink.ResourceHyperlinkProvider,"findByClassName/2[de.markiewb.netbeans.plugins.resourcehyperlink.FileObject,java.lang.String]",fo,3
C:\Codes\lab02-experimentacao-grupo04\..\lab02-experimentacao-grupo04\nb-resource-hyperlink-at-cursor\src\main\java\de\markiewb\netbeans\plugins\resourcehyperlink\ResourceHyperlinkProvider.java,de.markiewb.netbeans.plugins.resourcehyperlink.ResourceHyperlinkProvider,"findByClassName/2[de.markiewb.netbeans.plugins.resourcehyperlink.FileObject,java.lang.String]",simpleClassName,3
C:\Codes\lab02-experimentacao-grupo04\..\lab02-experimentacao-grupo04\nb-resource-hyperlink-at-cursor\src\main\java\de\markiewb\netbeans\plugins\resourcehyperlink\ResourceHyperlinkProvider.java,de.markiewb.netbeans.plugins.resourcehyperlink.ResourceHyperlinkProvider,"findByClassName/2[de.markiewb.netbeans.plugins.resourcehyperlink.FileObject,java.lang.String]",result,1
C:\Codes\lab02-experimentacao-grupo04\..\lab02-experimentacao-grupo04\nb-resource-hyperlink-at-cursor\src\main\java\de\markiewb\netbeans\plugins\resourcehyperlink\ResourceHyperlinkProvider.java,de.markiewb.netbeans.plugins.resourcehyperlink.ResourceHyperlinkProvider,"findByClassName/2[de.markiewb.netbeans.plugins.resourcehyperlink.FileObject,java.lang.String]",te,2
C:\Codes\lab02-experimentacao-grupo04\..\lab02-experimentacao-grupo04\nb-resource-hyperlink-at-cursor\src\main\java\de\markiewb\netbeans\plugins\resourcehyperlink\ResourceHyperlinkProvider.java,de.markiewb.netbeans.plugins.resourcehyperlink.ResourceHyperlinkProvider,"findByClassName/2[de.markiewb.netbeans.plugins.resourcehyperlink.FileObject,java.lang.String]",file,2
C:\Codes\lab02-experimentacao-grupo04\..\lab02-experimentacao-grupo04\nb-resource-hyperlink-at-cursor\src\main\java\de\markiewb\netbeans\plugins\resourcehyperlink\ResourceHyperlinkProvider.java,de.markiewb.netbeans.plugins.resourcehyperlink.ResourceHyperlinkProvider,"findByClassName/2[de.markiewb.netbeans.plugins.resourcehyperlink.FileObject,java.lang.String]",bootCp,2
C:\Codes\lab02-experimentacao-grupo04\..\lab02-experimentacao-grupo04\nb-resource-hyperlink-at-cursor\src\main\java\de\markiewb\netbeans\plugins\resourcehyperlink\ResourceHyperlinkProvider.java,de.markiewb.netbeans.plugins.resourcehyperlink.ResourceHyperlinkProvider,"findByClassName/2[de.markiewb.netbeans.plugins.resourcehyperlink.FileObject,java.lang.String]",files,3
C:\Codes\lab02-experimentacao-grupo04\..\lab02-experimentacao-grupo04\nb-resource-hyperlink-at-cursor\src\main\java\de\markiewb\netbeans\plugins\resourcehyperlink\ResourceHyperlinkProvider.java,de.markiewb.netbeans.plugins.resourcehyperlink.ResourceHyperlinkProvider,"findByClassName/2[de.markiewb.netbeans.plugins.resourcehyperlink.FileObject,java.lang.String]",compileCp,2
C:\Codes\lab02-experimentacao-grupo04\..\lab02-experimentacao-grupo04\nb-resource-hyperlink-at-cursor\src\main\java\de\markiewb\netbeans\plugins\resourcehyperlink\ResourceHyperlinkProvider.java,de.markiewb.netbeans.plugins.resourcehyperlink.ResourceHyperlinkProvider,"findByClassName/2[de.markiewb.netbeans.plugins.resourcehyperlink.FileObject,java.lang.String]",sourcePath,2
C:\Codes\lab02-experimentacao-grupo04\..\lab02-experimentacao-grupo04\nb-resource-hyperlink-at-cursor\src\main\java\de\markiewb\netbeans\plugins\resourcehyperlink\ResourceHyperlinkProvider.java,de.markiewb.netbeans.plugins.resourcehyperlink.ResourceHyperlinkProvider,"findByClassName/2[de.markiewb.netbeans.plugins.resourcehyperlink.FileObject,java.lang.String]",info,2
C:\Codes\lab02-experimentacao-grupo04\..\lab02-experimentacao-grupo04\nb-resource-hyperlink-at-cursor\src\main\java\de\markiewb\netbeans\plugins\resourcehyperlink\ResourceHyperlinkProvider.java,de.markiewb.netbeans.plugins.resourcehyperlink.ResourceHyperlinkProvider,"getFileObjectInASafeManner/2[de.markiewb.netbeans.plugins.resourcehyperlink.FileObject,java.lang.String]",result,1
C:\Codes\lab02-experimentacao-grupo04\..\lab02-experimentacao-grupo04\nb-resource-hyperlink-at-cursor\src\main\java\de\markiewb\netbeans\plugins\resourcehyperlink\ResourceHyperlinkProvider.java,de.markiewb.netbeans.plugins.resourcehyperlink.ResourceHyperlinkProvider,"getFileObjectInASafeManner/2[de.markiewb.netbeans.plugins.resourcehyperlink.FileObject,java.lang.String]",parent,2
C:\Codes\lab02-experimentacao-grupo04\..\lab02-experimentacao-grupo04\nb-resource-hyperlink-at-cursor\src\main\java\de\markiewb\netbeans\plugins\resourcehyperlink\ResourceHyperlinkProvider.java,de.markiewb.netbeans.plugins.resourcehyperlink.ResourceHyperlinkProvider,"getFileObjectInASafeManner/2[de.markiewb.netbeans.plugins.resourcehyperlink.FileObject,java.lang.String]",e,0
C:\Codes\lab02-experimentacao-grupo04\..\lab02-experimentacao-grupo04\nb-resource-hyperlink-at-cursor\src\main\java\de\markiewb\netbeans\plugins\resourcehyperlink\ResourceHyperlinkProvider.java,de.markiewb.netbeans.plugins.resourcehyperlink.ResourceHyperlinkProvider,"getFileObjectInASafeManner/2[de.markiewb.netbeans.plugins.resourcehyperlink.FileObject,java.lang.String]",relativePath,1
C:\Codes\lab02-experimentacao-grupo04\..\lab02-experimentacao-grupo04\nb-resource-hyperlink-at-cursor\src\main\java\de\markiewb\netbeans\plugins\resourcehyperlink\ResourceHyperlinkProvider.java,de.markiewb.netbeans.plugins.resourcehyperlink.ResourceHyperlinkProvider,"findResources/2[javax.swing.text.Document,int]",hi,2
C:\Codes\lab02-experimentacao-grupo04\..\lab02-experimentacao-grupo04\nb-resource-hyperlink-at-cursor\src\main\java\de\markiewb\netbeans\plugins\resourcehyperlink\ResourceHyperlinkProvider.java,de.markiewb.netbeans.plugins.resourcehyperlink.ResourceHyperlinkProvider,"findResources/2[javax.swing.text.Document,int]",endOffset,2
C:\Codes\lab02-experimentacao-grupo04\..\lab02-experimentacao-grupo04\nb-resource-hyperlink-at-cursor\src\main\java\de\markiewb\netbeans\plugins\resourcehyperlink\ResourceHyperlinkProvider.java,de.markiewb.netbeans.plugins.resourcehyperlink.ResourceHyperlinkProvider,"findResources/2[javax.swing.text.Document,int]",findFiles,3
C:\Codes\lab02-experimentacao-grupo04\..\lab02-experimentacao-grupo04\nb-resource-hyperlink-at-cursor\src\main\java\de\markiewb\netbeans\plugins\resourcehyperlink\ResourceHyperlinkProvider.java,de.markiewb.netbeans.plugins.resourcehyperlink.ResourceHyperlinkProvider,"findResources/2[javax.swing.text.Document,int]",offset,2
C:\Codes\lab02-experimentacao-grupo04\..\lab02-experimentacao-grupo04\nb-resource-hyperlink-at-cursor\src\main\java\de\markiewb\netbeans\plugins\resourcehyperlink\ResourceHyperlinkProvider.java,de.markiewb.netbeans.plugins.resourcehyperlink.ResourceHyperlinkProvider,"findResources/2[javax.swing.text.Document,int]",lastTokenInDocument,1
C:\Codes\lab02-experimentacao-grupo04\..\lab02-experimentacao-grupo04\nb-resource-hyperlink-at-cursor\src\main\java\de\markiewb\netbeans\plugins\resourcehyperlink\ResourceHyperlinkProvider.java,de.markiewb.netbeans.plugins.resourcehyperlink.ResourceHyperlinkProvider,"findResources/2[javax.swing.text.Document,int]",document,2
C:\Codes\lab02-experimentacao-grupo04\..\lab02-experimentacao-grupo04\nb-resource-hyperlink-at-cursor\src\main\java\de\markiewb\netbeans\plugins\resourcehyperlink\ResourceHyperlinkProvider.java,de.markiewb.netbeans.plugins.resourcehyperlink.ResourceHyperlinkProvider,"findResources/2[javax.swing.text.Document,int]",linkTarget,2
C:\Codes\lab02-experimentacao-grupo04\..\lab02-experimentacao-grupo04\nb-resource-hyperlink-at-cursor\src\main\java\de\markiewb\netbeans\plugins\resourcehyperlink\ResourceHyperlinkProvider.java,de.markiewb.netbeans.plugins.resourcehyperlink.ResourceHyperlinkProvider,"findResources/2[javax.swing.text.Document,int]",resourceToken,7
C:\Codes\lab02-experimentacao-grupo04\..\lab02-experimentacao-grupo04\nb-resource-hyperlink-at-cursor\src\main\java\de\markiewb\netbeans\plugins\resourcehyperlink\ResourceHyperlinkProvider.java,de.markiewb.netbeans.plugins.resourcehyperlink.ResourceHyperlinkProvider,"findResources/2[javax.swing.text.Document,int]",target,2
C:\Codes\lab02-experimentacao-grupo04\..\lab02-experimentacao-grupo04\nb-resource-hyperlink-at-cursor\src\main\java\de\markiewb\netbeans\plugins\resourcehyperlink\ResourceHyperlinkProvider.java,de.markiewb.netbeans.plugins.resourcehyperlink.ResourceHyperlinkProvider,"findResources/2[javax.swing.text.Document,int]",startOffset,3
C:\Codes\lab02-experimentacao-grupo04\..\lab02-experimentacao-grupo04\nb-resource-hyperlink-at-cursor\src\main\java\de\markiewb\netbeans\plugins\resourcehyperlink\ResourceHyperlinkProvider.java,de.markiewb.netbeans.plugins.resourcehyperlink.ResourceHyperlinkProvider,"findResources/2[javax.swing.text.Document,int]",ex,1
C:\Codes\lab02-experimentacao-grupo04\..\lab02-experimentacao-grupo04\nb-resource-hyperlink-at-cursor\src\main\java\de\markiewb\netbeans\plugins\resourcehyperlink\ResourceHyperlinkProvider.java,de.markiewb.netbeans.plugins.resourcehyperlink.ResourceHyperlinkProvider,"findResources/2[javax.swing.text.Document,int]",doc,4
C:\Codes\lab02-experimentacao-grupo04\..\lab02-experimentacao-grupo04\nb-resource-hyperlink-at-cursor\src\main\java\de\markiewb\netbeans\plugins\resourcehyperlink\ResourceHyperlinkProvider.java,de.markiewb.netbeans.plugins.resourcehyperlink.ResourceHyperlinkProvider,"findResources/2[javax.swing.text.Document,int]",wholeText,2
C:\Codes\lab02-experimentacao-grupo04\..\lab02-experimentacao-grupo04\nb-resource-hyperlink-at-cursor\src\main\java\de\markiewb\netbeans\plugins\resourcehyperlink\ResourceHyperlinkProvider.java,de.markiewb.netbeans.plugins.resourcehyperlink.ResourceHyperlinkProvider,"findResources/2[javax.swing.text.Document,int]",movePrevious,2
C:\Codes\lab02-experimentacao-grupo04\..\lab02-experimentacao-grupo04\nb-resource-hyperlink-at-cursor\src\main\java\de\markiewb\netbeans\plugins\resourcehyperlink\ResourceHyperlinkProvider.java,de.markiewb.netbeans.plugins.resourcehyperlink.ResourceHyperlinkProvider,"findResources/2[javax.swing.text.Document,int]",ts,6
C:\Codes\lab02-experimentacao-grupo04\..\lab02-experimentacao-grupo04\nb-resource-hyperlink-at-cursor\src\main\java\de\markiewb\netbeans\plugins\resourcehyperlink\ResourceHyperlinkProvider.java,de.markiewb.netbeans.plugins.resourcehyperlink.ResourceHyperlinkProvider,"getHyperlinkSpan/3[javax.swing.text.Document,int,de.markiewb.netbeans.plugins.resourcehyperlink.HyperlinkType]",offset,1
C:\Codes\lab02-experimentacao-grupo04\..\lab02-experimentacao-grupo04\nb-resource-hyperlink-at-cursor\src\main\java\de\markiewb\netbeans\plugins\resourcehyperlink\ResourceHyperlinkProvider.java,de.markiewb.netbeans.plugins.resourcehyperlink.ResourceHyperlinkProvider,"getHyperlinkSpan/3[javax.swing.text.Document,int,de.markiewb.netbeans.plugins.resourcehyperlink.HyperlinkType]",doc,1
C:\Codes\lab02-experimentacao-grupo04\..\lab02-experimentacao-grupo04\nb-resource-hyperlink-at-cursor\src\main\java\de\markiewb\netbeans\plugins\resourcehyperlink\ResourceHyperlinkProvider.java,de.markiewb.netbeans.plugins.resourcehyperlink.ResourceHyperlinkProvider,"getHyperlinkSpan/3[javax.swing.text.Document,int,de.markiewb.netbeans.plugins.resourcehyperlink.HyperlinkType]",type,0
C:\Codes\lab02-experimentacao-grupo04\..\lab02-experimentacao-grupo04\nb-resource-hyperlink-at-cursor\src\main\java\de\markiewb\netbeans\plugins\resourcehyperlink\ResourceHyperlinkProvider.java,de.markiewb.netbeans.plugins.resourcehyperlink.ResourceHyperlinkProvider,"getHyperlinkSpan/3[javax.swing.text.Document,int,de.markiewb.netbeans.plugins.resourcehyperlink.HyperlinkType]",matches,4
C:\Codes\lab02-experimentacao-grupo04\..\lab02-experimentacao-grupo04\nb-resource-hyperlink-at-cursor\src\main\java\de\markiewb\netbeans\plugins\resourcehyperlink\ResourceHyperlinkProvider.java,de.markiewb.netbeans.plugins.resourcehyperlink.ResourceHyperlinkProvider,"getTooltipText/3[javax.swing.text.Document,int,de.markiewb.netbeans.plugins.resourcehyperlink.HyperlinkType]",result,3
C:\Codes\lab02-experimentacao-grupo04\..\lab02-experimentacao-grupo04\nb-resource-hyperlink-at-cursor\src\main\java\de\markiewb\netbeans\plugins\resourcehyperlink\ResourceHyperlinkProvider.java,de.markiewb.netbeans.plugins.resourcehyperlink.ResourceHyperlinkProvider,"getTooltipText/3[javax.swing.text.Document,int,de.markiewb.netbeans.plugins.resourcehyperlink.HyperlinkType]",offset,1
C:\Codes\lab02-experimentacao-grupo04\..\lab02-experimentacao-grupo04\nb-resource-hyperlink-at-cursor\src\main\java\de\markiewb\netbeans\plugins\resourcehyperlink\ResourceHyperlinkProvider.java,de.markiewb.netbeans.plugins.resourcehyperlink.ResourceHyperlinkProvider,"getTooltipText/3[javax.swing.text.Document,int,de.markiewb.netbeans.plugins.resourcehyperlink.HyperlinkType]",findMatches,2
C:\Codes\lab02-experimentacao-grupo04\..\lab02-experimentacao-grupo04\nb-resource-hyperlink-at-cursor\src\main\java\de\markiewb\netbeans\plugins\resourcehyperlink\ResourceHyperlinkProvider.java,de.markiewb.netbeans.plugins.resourcehyperlink.ResourceHyperlinkProvider,"getTooltipText/3[javax.swing.text.Document,int,de.markiewb.netbeans.plugins.resourcehyperlink.HyperlinkType]",doc,1
C:\Codes\lab02-experimentacao-grupo04\..\lab02-experimentacao-grupo04\nb-resource-hyperlink-at-cursor\src\main\java\de\markiewb\netbeans\plugins\resourcehyperlink\ResourceHyperlinkProvider.java,de.markiewb.netbeans.plugins.resourcehyperlink.ResourceHyperlinkProvider,"getTooltipText/3[javax.swing.text.Document,int,de.markiewb.netbeans.plugins.resourcehyperlink.HyperlinkType]",type,0
C:\Codes\lab02-experimentacao-grupo04\..\lab02-experimentacao-grupo04\nb-resource-hyperlink-at-cursor\src\main\java\de\markiewb\netbeans\plugins\resourcehyperlink\ResourceHyperlinkProvider.java,de.markiewb.netbeans.plugins.resourcehyperlink.ResourceHyperlinkProvider,getAllSourceGroups/1[de.markiewb.netbeans.plugins.resourcehyperlink.Project],p,1
C:\Codes\lab02-experimentacao-grupo04\..\lab02-experimentacao-grupo04\nb-resource-hyperlink-at-cursor\src\main\java\de\markiewb\netbeans\plugins\resourcehyperlink\ResourceHyperlinkProvider.java,de.markiewb.netbeans.plugins.resourcehyperlink.ResourceHyperlinkProvider,getAllSourceGroups/1[de.markiewb.netbeans.plugins.resourcehyperlink.Project],sources,7
C:\Codes\lab02-experimentacao-grupo04\..\lab02-experimentacao-grupo04\nb-resource-hyperlink-at-cursor\src\main\java\de\markiewb\netbeans\plugins\resourcehyperlink\ResourceHyperlinkProvider.java,de.markiewb.netbeans.plugins.resourcehyperlink.ResourceHyperlinkProvider,getAllSourceGroups/1[de.markiewb.netbeans.plugins.resourcehyperlink.Project],list,8
C:\Codes\lab02-experimentacao-grupo04\..\lab02-experimentacao-grupo04\nb-resource-hyperlink-at-cursor\src\main\java\de\markiewb\netbeans\plugins\resourcehyperlink\ResourceHyperlinkProvider.java,de.markiewb.netbeans.plugins.resourcehyperlink.ResourceHyperlinkProvider,"findFiles/2[javax.swing.text.Document,java.lang.String]",result,8
C:\Codes\lab02-experimentacao-grupo04\..\lab02-experimentacao-grupo04\nb-resource-hyperlink-at-cursor\src\main\java\de\markiewb\netbeans\plugins\resourcehyperlink\ResourceHyperlinkProvider.java,de.markiewb.netbeans.plugins.resourcehyperlink.ResourceHyperlinkProvider,"findFiles/2[javax.swing.text.Document,java.lang.String]",fileObjectAtProjectRoot,3
C:\Codes\lab02-experimentacao-grupo04\..\lab02-experimentacao-grupo04\nb-resource-hyperlink-at-cursor\src\main\java\de\markiewb\netbeans\plugins\resourcehyperlink\ResourceHyperlinkProvider.java,de.markiewb.netbeans.plugins.resourcehyperlink.ResourceHyperlinkProvider,"findFiles/2[javax.swing.text.Document,java.lang.String]",path,9
C:\Codes\lab02-experimentacao-grupo04\..\lab02-experimentacao-grupo04\nb-resource-hyperlink-at-cursor\src\main\java\de\markiewb\netbeans\plugins\resourcehyperlink\ResourceHyperlinkProvider.java,de.markiewb.netbeans.plugins.resourcehyperlink.ResourceHyperlinkProvider,"findFiles/2[javax.swing.text.Document,java.lang.String]",docFO,8
C:\Codes\lab02-experimentacao-grupo04\..\lab02-experimentacao-grupo04\nb-resource-hyperlink-at-cursor\src\main\java\de\markiewb\netbeans\plugins\resourcehyperlink\ResourceHyperlinkProvider.java,de.markiewb.netbeans.plugins.resourcehyperlink.ResourceHyperlinkProvider,"findFiles/2[javax.swing.text.Document,java.lang.String]",fileInCurrentDirectory,2
C:\Codes\lab02-experimentacao-grupo04\..\lab02-experimentacao-grupo04\nb-resource-hyperlink-at-cursor\src\main\java\de\markiewb\netbeans\plugins\resourcehyperlink\ResourceHyperlinkProvider.java,de.markiewb.netbeans.plugins.resourcehyperlink.ResourceHyperlinkProvider,"findFiles/2[javax.swing.text.Document,java.lang.String]",projectDirectory,2
C:\Codes\lab02-experimentacao-grupo04\..\lab02-experimentacao-grupo04\nb-resource-hyperlink-at-cursor\src\main\java\de\markiewb\netbeans\plugins\resourcehyperlink\ResourceHyperlinkProvider.java,de.markiewb.netbeans.plugins.resourcehyperlink.ResourceHyperlinkProvider,"findFiles/2[javax.swing.text.Document,java.lang.String]",doc,2
C:\Codes\lab02-experimentacao-grupo04\..\lab02-experimentacao-grupo04\nb-resource-hyperlink-at-cursor\src\main\java\de\markiewb\netbeans\plugins\resourcehyperlink\ResourceHyperlinkProvider.java,de.markiewb.netbeans.plugins.resourcehyperlink.ResourceHyperlinkProvider,"findFiles/2[javax.swing.text.Document,java.lang.String]",project,7
C:\Codes\lab02-experimentacao-grupo04\..\lab02-experimentacao-grupo04\nb-resource-hyperlink-at-cursor\src\main\java\de\markiewb\netbeans\plugins\resourcehyperlink\ResourceHyperlinkProvider.java,de.markiewb.netbeans.plugins.resourcehyperlink.ResourceHyperlinkProvider,"findFiles/2[javax.swing.text.Document,java.lang.String]",absolutePath,1
C:\Codes\lab02-experimentacao-grupo04\..\lab02-experimentacao-grupo04\nb-resource-hyperlink-at-cursor\src\main\java\de\markiewb\netbeans\plugins\resourcehyperlink\ResourceHyperlinkProvider.java,de.markiewb.netbeans.plugins.resourcehyperlink.ResourceHyperlinkProvider,"findFiles/2[javax.swing.text.Document,java.lang.String]",partialMatches,3
C:\Codes\lab02-experimentacao-grupo04\..\lab02-experimentacao-grupo04\nb-resource-hyperlink-at-cursor\src\main\java\de\markiewb\netbeans\plugins\resourcehyperlink\ResourceHyperlinkProvider.java,de.markiewb.netbeans.plugins.resourcehyperlink.ResourceHyperlinkProvider,getPathOrDefault/1[de.markiewb.netbeans.plugins.resourcehyperlink.FileObject],path,2
C:\Codes\lab02-experimentacao-grupo04\..\lab02-experimentacao-grupo04\nb-resource-hyperlink-at-cursor\src\main\java\de\markiewb\netbeans\plugins\resourcehyperlink\ResourceHyperlinkProvider.java,de.markiewb.netbeans.plugins.resourcehyperlink.ResourceHyperlinkProvider,getPathOrDefault/1[de.markiewb.netbeans.plugins.resourcehyperlink.FileObject],fo,2
C:\Codes\lab02-experimentacao-grupo04\..\lab02-experimentacao-grupo04\nb-resource-hyperlink-at-cursor\src\main\java\de\markiewb\netbeans\plugins\resourcehyperlink\ResourceHyperlinkProvider.java,de.markiewb.netbeans.plugins.resourcehyperlink.ResourceHyperlinkProvider,"isHyperlinkPoint/3[javax.swing.text.Document,int,de.markiewb.netbeans.plugins.resourcehyperlink.HyperlinkType]",offset,1
C:\Codes\lab02-experimentacao-grupo04\..\lab02-experimentacao-grupo04\nb-resource-hyperlink-at-cursor\src\main\java\de\markiewb\netbeans\plugins\resourcehyperlink\ResourceHyperlinkProvider.java,de.markiewb.netbeans.plugins.resourcehyperlink.ResourceHyperlinkProvider,"isHyperlinkPoint/3[javax.swing.text.Document,int,de.markiewb.netbeans.plugins.resourcehyperlink.HyperlinkType]",document,1
C:\Codes\lab02-experimentacao-grupo04\..\lab02-experimentacao-grupo04\nb-resource-hyperlink-at-cursor\src\main\java\de\markiewb\netbeans\plugins\resourcehyperlink\ResourceHyperlinkProvider.java,de.markiewb.netbeans.plugins.resourcehyperlink.ResourceHyperlinkProvider,"isHyperlinkPoint/3[javax.swing.text.Document,int,de.markiewb.netbeans.plugins.resourcehyperlink.HyperlinkType]",type,0
C:\Codes\lab02-experimentacao-grupo04\..\lab02-experimentacao-grupo04\nb-resource-hyperlink-at-cursor\src\main\java\de\markiewb\netbeans\plugins\resourcehyperlink\ResourceHyperlinkProvider.java,de.markiewb.netbeans.plugins.resourcehyperlink.ResourceHyperlinkProvider,openInEditor/1[de.markiewb.netbeans.plugins.resourcehyperlink.FileObject],fileToOpen,1
C:\Codes\lab02-experimentacao-grupo04\..\lab02-experimentacao-grupo04\nb-resource-hyperlink-at-cursor\src\main\java\de\markiewb\netbeans\plugins\resourcehyperlink\ResourceHyperlinkProvider.java,de.markiewb.netbeans.plugins.resourcehyperlink.ResourceHyperlinkProvider,openInEditor/1[de.markiewb.netbeans.plugins.resourcehyperlink.FileObject],e,1
C:\Codes\lab02-experimentacao-grupo04\..\lab02-experimentacao-grupo04\nb-resource-hyperlink-at-cursor\src\main\java\de\markiewb\netbeans\plugins\resourcehyperlink\ResourceHyperlinkProvider.java,de.markiewb.netbeans.plugins.resourcehyperlink.ResourceHyperlinkProvider,openInEditor/1[de.markiewb.netbeans.plugins.resourcehyperlink.FileObject],editCookie,2
C:\Codes\lab02-experimentacao-grupo04\..\lab02-experimentacao-grupo04\nb-resource-hyperlink-at-cursor\src\main\java\de\markiewb\netbeans\plugins\resourcehyperlink\ResourceHyperlinkProvider.java,de.markiewb.netbeans.plugins.resourcehyperlink.ResourceHyperlinkProvider,openInEditor/1[de.markiewb.netbeans.plugins.resourcehyperlink.FileObject],fileDO,4
C:\Codes\lab02-experimentacao-grupo04\..\lab02-experimentacao-grupo04\nb-resource-hyperlink-at-cursor\src\main\java\de\markiewb\netbeans\plugins\resourcehyperlink\ResourceHyperlinkProvider.java,de.markiewb.netbeans.plugins.resourcehyperlink.ResourceHyperlinkProvider,openInEditor/1[de.markiewb.netbeans.plugins.resourcehyperlink.FileObject],openCookie,2
C:\Codes\lab02-experimentacao-grupo04\..\lab02-experimentacao-grupo04\nb-resource-hyperlink-at-cursor\src\main\java\de\markiewb\netbeans\plugins\resourcehyperlink\ResourceHyperlinkProvider.java,de.markiewb.netbeans.plugins.resourcehyperlink.ResourceHyperlinkProvider,"getMatchingFileInCurrentDirectory/2[javax.swing.text.Document,java.lang.String]",path,1
C:\Codes\lab02-experimentacao-grupo04\..\lab02-experimentacao-grupo04\nb-resource-hyperlink-at-cursor\src\main\java\de\markiewb\netbeans\plugins\resourcehyperlink\ResourceHyperlinkProvider.java,de.markiewb.netbeans.plugins.resourcehyperlink.ResourceHyperlinkProvider,"getMatchingFileInCurrentDirectory/2[javax.swing.text.Document,java.lang.String]",currentDir,2
C:\Codes\lab02-experimentacao-grupo04\..\lab02-experimentacao-grupo04\nb-resource-hyperlink-at-cursor\src\main\java\de\markiewb\netbeans\plugins\resourcehyperlink\ResourceHyperlinkProvider.java,de.markiewb.netbeans.plugins.resourcehyperlink.ResourceHyperlinkProvider,"getMatchingFileInCurrentDirectory/2[javax.swing.text.Document,java.lang.String]",docFO,2
C:\Codes\lab02-experimentacao-grupo04\..\lab02-experimentacao-grupo04\nb-resource-hyperlink-at-cursor\src\main\java\de\markiewb\netbeans\plugins\resourcehyperlink\ResourceHyperlinkProvider.java,de.markiewb.netbeans.plugins.resourcehyperlink.ResourceHyperlinkProvider,"getMatchingFileInCurrentDirectory/2[javax.swing.text.Document,java.lang.String]",fileObject,3
C:\Codes\lab02-experimentacao-grupo04\..\lab02-experimentacao-grupo04\nb-resource-hyperlink-at-cursor\src\main\java\de\markiewb\netbeans\plugins\resourcehyperlink\ResourceHyperlinkProvider.java,de.markiewb.netbeans.plugins.resourcehyperlink.ResourceHyperlinkProvider,"getMatchingFileInCurrentDirectory/2[javax.swing.text.Document,java.lang.String]",doc,1
C:\Codes\lab02-experimentacao-grupo04\..\lab02-experimentacao-grupo04\nb-resource-hyperlink-at-cursor\src\main\java\de\markiewb\netbeans\plugins\resourcehyperlink\ResourceHyperlinkProvider.java,de.markiewb.netbeans.plugins.resourcehyperlink.ResourceHyperlinkProvider,ResourceHyperlinkProvider/0,pref,2
C:\Codes\lab02-experimentacao-grupo04\..\lab02-experimentacao-grupo04\nb-resource-hyperlink-at-cursor\src\main\java\de\markiewb\netbeans\plugins\resourcehyperlink\ResourceHyperlinkProvider.java,de.markiewb.netbeans.plugins.resourcehyperlink.ResourceHyperlinkProvider,"performClickAction/3[javax.swing.text.Document,int,de.markiewb.netbeans.plugins.resourcehyperlink.HyperlinkType]",fileToOpen,2
C:\Codes\lab02-experimentacao-grupo04\..\lab02-experimentacao-grupo04\nb-resource-hyperlink-at-cursor\src\main\java\de\markiewb\netbeans\plugins\resourcehyperlink\ResourceHyperlinkProvider.java,de.markiewb.netbeans.plugins.resourcehyperlink.ResourceHyperlinkProvider,"performClickAction/3[javax.swing.text.Document,int,de.markiewb.netbeans.plugins.resourcehyperlink.HyperlinkType]",foundMatches,1
C:\Codes\lab02-experimentacao-grupo04\..\lab02-experimentacao-grupo04\nb-resource-hyperlink-at-cursor\src\main\java\de\markiewb\netbeans\plugins\resourcehyperlink\ResourceHyperlinkProvider.java,de.markiewb.netbeans.plugins.resourcehyperlink.ResourceHyperlinkProvider,"performClickAction/3[javax.swing.text.Document,int,de.markiewb.netbeans.plugins.resourcehyperlink.HyperlinkType]",doc,2
C:\Codes\lab02-experimentacao-grupo04\..\lab02-experimentacao-grupo04\nb-resource-hyperlink-at-cursor\src\main\java\de\markiewb\netbeans\plugins\resourcehyperlink\ResourceHyperlinkProvider.java,de.markiewb.netbeans.plugins.resourcehyperlink.ResourceHyperlinkProvider,"performClickAction/3[javax.swing.text.Document,int,de.markiewb.netbeans.plugins.resourcehyperlink.HyperlinkType]",project,1
C:\Codes\lab02-experimentacao-grupo04\..\lab02-experimentacao-grupo04\nb-resource-hyperlink-at-cursor\src\main\java\de\markiewb\netbeans\plugins\resourcehyperlink\ResourceHyperlinkProvider.java,de.markiewb.netbeans.plugins.resourcehyperlink.ResourceHyperlinkProvider,"performClickAction/3[javax.swing.text.Document,int,de.markiewb.netbeans.plugins.resourcehyperlink.HyperlinkType]",position,1
C:\Codes\lab02-experimentacao-grupo04\..\lab02-experimentacao-grupo04\nb-resource-hyperlink-at-cursor\src\main\java\de\markiewb\netbeans\plugins\resourcehyperlink\ResourceHyperlinkProvider.java,de.markiewb.netbeans.plugins.resourcehyperlink.ResourceHyperlinkProvider,"performClickAction/3[javax.swing.text.Document,int,de.markiewb.netbeans.plugins.resourcehyperlink.HyperlinkType]",type,0
C:\Codes\lab02-experimentacao-grupo04\..\lab02-experimentacao-grupo04\nb-resource-hyperlink-at-cursor\src\main\java\de\markiewb\netbeans\plugins\resourcehyperlink\ResourceHyperlinkProvider.java,de.markiewb.netbeans.plugins.resourcehyperlink.ResourceHyperlinkProvider,"performClickAction/3[javax.swing.text.Document,int,de.markiewb.netbeans.plugins.resourcehyperlink.HyperlinkType]",matches,3
C:\Codes\lab02-experimentacao-grupo04\..\lab02-experimentacao-grupo04\nb-resource-hyperlink-at-cursor\src\main\java\de\markiewb\netbeans\plugins\resourcehyperlink\ResourceHyperlinkProvider.java,de.markiewb.netbeans.plugins.resourcehyperlink.ResourceHyperlinkProvider,"getMatchingFilesFromSourceRoots/2[de.markiewb.netbeans.plugins.resourcehyperlink.Project,java.lang.String]",p,1
C:\Codes\lab02-experimentacao-grupo04\..\lab02-experimentacao-grupo04\nb-resource-hyperlink-at-cursor\src\main\java\de\markiewb\netbeans\plugins\resourcehyperlink\ResourceHyperlinkProvider.java,de.markiewb.netbeans.plugins.resourcehyperlink.ResourceHyperlinkProvider,"getMatchingFilesFromSourceRoots/2[de.markiewb.netbeans.plugins.resourcehyperlink.Project,java.lang.String]",sourceGroup,2
C:\Codes\lab02-experimentacao-grupo04\..\lab02-experimentacao-grupo04\nb-resource-hyperlink-at-cursor\src\main\java\de\markiewb\netbeans\plugins\resourcehyperlink\ResourceHyperlinkProvider.java,de.markiewb.netbeans.plugins.resourcehyperlink.ResourceHyperlinkProvider,"getMatchingFilesFromSourceRoots/2[de.markiewb.netbeans.plugins.resourcehyperlink.Project,java.lang.String]",fileObject,3
C:\Codes\lab02-experimentacao-grupo04\..\lab02-experimentacao-grupo04\nb-resource-hyperlink-at-cursor\src\main\java\de\markiewb\netbeans\plugins\resourcehyperlink\ResourceHyperlinkProvider.java,de.markiewb.netbeans.plugins.resourcehyperlink.ResourceHyperlinkProvider,"getMatchingFilesFromSourceRoots/2[de.markiewb.netbeans.plugins.resourcehyperlink.Project,java.lang.String]",foundMatches,3
C:\Codes\lab02-experimentacao-grupo04\..\lab02-experimentacao-grupo04\nb-resource-hyperlink-at-cursor\src\main\java\de\markiewb\netbeans\plugins\resourcehyperlink\ResourceHyperlinkProvider.java,de.markiewb.netbeans.plugins.resourcehyperlink.ResourceHyperlinkProvider,"getMatchingFilesFromSourceRoots/2[de.markiewb.netbeans.plugins.resourcehyperlink.Project,java.lang.String]",searchToken,2
C:\Codes\lab02-experimentacao-grupo04\..\lab02-experimentacao-grupo04\nb-resource-hyperlink-at-cursor\src\main\java\de\markiewb\netbeans\plugins\resourcehyperlink\ResourceHyperlinkProvider.java,de.markiewb.netbeans.plugins.resourcehyperlink.ResourceHyperlinkProvider,"getMatchingFilesFromSourceRoots/2[de.markiewb.netbeans.plugins.resourcehyperlink.Project,java.lang.String]",partialMatches,2
C:\Codes\lab02-experimentacao-grupo04\..\lab02-experimentacao-grupo04\nb-resource-hyperlink-at-cursor\src\main\java\de\markiewb\netbeans\plugins\resourcehyperlink\ResourceHyperlinkProvider.java,de.markiewb.netbeans.plugins.resourcehyperlink.ResourceHyperlinkProvider,"partialMatches/2[java.lang.String,de.markiewb.netbeans.plugins.resourcehyperlink.FileObject[]]",result,3
C:\Codes\lab02-experimentacao-grupo04\..\lab02-experimentacao-grupo04\nb-resource-hyperlink-at-cursor\src\main\java\de\markiewb\netbeans\plugins\resourcehyperlink\ResourceHyperlinkProvider.java,de.markiewb.netbeans.plugins.resourcehyperlink.ResourceHyperlinkProvider,"partialMatches/2[java.lang.String,de.markiewb.netbeans.plugins.resourcehyperlink.FileObject[]]",lowerCaseToken,2
C:\Codes\lab02-experimentacao-grupo04\..\lab02-experimentacao-grupo04\nb-resource-hyperlink-at-cursor\src\main\java\de\markiewb\netbeans\plugins\resourcehyperlink\ResourceHyperlinkProvider.java,de.markiewb.netbeans.plugins.resourcehyperlink.ResourceHyperlinkProvider,"partialMatches/2[java.lang.String,de.markiewb.netbeans.plugins.resourcehyperlink.FileObject[]]",candidates,1
C:\Codes\lab02-experimentacao-grupo04\..\lab02-experimentacao-grupo04\nb-resource-hyperlink-at-cursor\src\main\java\de\markiewb\netbeans\plugins\resourcehyperlink\ResourceHyperlinkProvider.java,de.markiewb.netbeans.plugins.resourcehyperlink.ResourceHyperlinkProvider,"partialMatches/2[java.lang.String,de.markiewb.netbeans.plugins.resourcehyperlink.FileObject[]]",fileObject,5
C:\Codes\lab02-experimentacao-grupo04\..\lab02-experimentacao-grupo04\nb-resource-hyperlink-at-cursor\src\main\java\de\markiewb\netbeans\plugins\resourcehyperlink\ResourceHyperlinkProvider.java,de.markiewb.netbeans.plugins.resourcehyperlink.ResourceHyperlinkProvider,"partialMatches/2[java.lang.String,de.markiewb.netbeans.plugins.resourcehyperlink.FileObject[]]",containsPartialMatches,3
C:\Codes\lab02-experimentacao-grupo04\..\lab02-experimentacao-grupo04\nb-resource-hyperlink-at-cursor\src\main\java\de\markiewb\netbeans\plugins\resourcehyperlink\ResourceHyperlinkProvider.java,de.markiewb.netbeans.plugins.resourcehyperlink.ResourceHyperlinkProvider,"partialMatches/2[java.lang.String,de.markiewb.netbeans.plugins.resourcehyperlink.FileObject[]]",searchToken,1
C:\Codes\lab02-experimentacao-grupo04\..\lab02-experimentacao-grupo04\nb-resource-hyperlink-at-cursor\src\main\java\de\markiewb\netbeans\plugins\resourcehyperlink\ResourceHyperlinkProvider.java,de.markiewb.netbeans.plugins.resourcehyperlink.ResourceHyperlinkProvider,"getSingleMatchOrAskForUserChoice/2[java.util.Collection<de.markiewb.netbeans.plugins.resourcehyperlink.FileObject>,de.markiewb.netbeans.plugins.resourcehyperlink.Project]",indexedFilePaths,1
C:\Codes\lab02-experimentacao-grupo04\..\lab02-experimentacao-grupo04\nb-resource-hyperlink-at-cursor\src\main\java\de\markiewb\netbeans\plugins\resourcehyperlink\ResourceHyperlinkProvider.java,de.markiewb.netbeans.plugins.resourcehyperlink.ResourceHyperlinkProvider,"getSingleMatchOrAskForUserChoice/2[java.util.Collection<de.markiewb.netbeans.plugins.resourcehyperlink.FileObject>,de.markiewb.netbeans.plugins.resourcehyperlink.Project]",defaultComboBoxModel,3
C:\Codes\lab02-experimentacao-grupo04\..\lab02-experimentacao-grupo04\nb-resource-hyperlink-at-cursor\src\main\java\de\markiewb\netbeans\plugins\resourcehyperlink\ResourceHyperlinkProvider.java,de.markiewb.netbeans.plugins.resourcehyperlink.ResourceHyperlinkProvider,"getSingleMatchOrAskForUserChoice/2[java.util.Collection<de.markiewb.netbeans.plugins.resourcehyperlink.FileObject>,de.markiewb.netbeans.plugins.resourcehyperlink.Project]",jList,2
C:\Codes\lab02-experimentacao-grupo04\..\lab02-experimentacao-grupo04\nb-resource-hyperlink-at-cursor\src\main\java\de\markiewb\netbeans\plugins\resourcehyperlink\ResourceHyperlinkProvider.java,de.markiewb.netbeans.plugins.resourcehyperlink.ResourceHyperlinkProvider,"getSingleMatchOrAskForUserChoice/2[java.util.Collection<de.markiewb.netbeans.plugins.resourcehyperlink.FileObject>,de.markiewb.netbeans.plugins.resourcehyperlink.Project]",item,1
C:\Codes\lab02-experimentacao-grupo04\..\lab02-experimentacao-grupo04\nb-resource-hyperlink-at-cursor\src\main\java\de\markiewb\netbeans\plugins\resourcehyperlink\ResourceHyperlinkProvider.java,de.markiewb.netbeans.plugins.resourcehyperlink.ResourceHyperlinkProvider,"getSingleMatchOrAskForUserChoice/2[java.util.Collection<de.markiewb.netbeans.plugins.resourcehyperlink.FileObject>,de.markiewb.netbeans.plugins.resourcehyperlink.Project]",path1,1
C:\Codes\lab02-experimentacao-grupo04\..\lab02-experimentacao-grupo04\nb-resource-hyperlink-at-cursor\src\main\java\de\markiewb\netbeans\plugins\resourcehyperlink\ResourceHyperlinkProvider.java,de.markiewb.netbeans.plugins.resourcehyperlink.ResourceHyperlinkProvider,"getSingleMatchOrAskForUserChoice/2[java.util.Collection<de.markiewb.netbeans.plugins.resourcehyperlink.FileObject>,de.markiewb.netbeans.plugins.resourcehyperlink.Project]",fileObject,2
C:\Codes\lab02-experimentacao-grupo04\..\lab02-experimentacao-grupo04\nb-resource-hyperlink-at-cursor\src\main\java\de\markiewb\netbeans\plugins\resourcehyperlink\ResourceHyperlinkProvider.java,de.markiewb.netbeans.plugins.resourcehyperlink.ResourceHyperlinkProvider,"getSingleMatchOrAskForUserChoice/2[java.util.Collection<de.markiewb.netbeans.plugins.resourcehyperlink.FileObject>,de.markiewb.netbeans.plugins.resourcehyperlink.Project]",foundMatches,4
C:\Codes\lab02-experimentacao-grupo04\..\lab02-experimentacao-grupo04\nb-resource-hyperlink-at-cursor\src\main\java\de\markiewb\netbeans\plugins\resourcehyperlink\ResourceHyperlinkProvider.java,de.markiewb.netbeans.plugins.resourcehyperlink.ResourceHyperlinkProvider,"getSingleMatchOrAskForUserChoice/2[java.util.Collection<de.markiewb.netbeans.plugins.resourcehyperlink.FileObject>,de.markiewb.netbeans.plugins.resourcehyperlink.Project]",project,1
C:\Codes\lab02-experimentacao-grupo04\..\lab02-experimentacao-grupo04\nb-resource-hyperlink-at-cursor\src\main\java\de\markiewb\netbeans\plugins\resourcehyperlink\ResourceHyperlinkProvider.java,de.markiewb.netbeans.plugins.resourcehyperlink.ResourceHyperlinkProvider,"getSingleMatchOrAskForUserChoice/2[java.util.Collection<de.markiewb.netbeans.plugins.resourcehyperlink.FileObject>,de.markiewb.netbeans.plugins.resourcehyperlink.Project]",collector,3
C:\Codes\lab02-experimentacao-grupo04\..\lab02-experimentacao-grupo04\nb-resource-hyperlink-at-cursor\src\main\java\de\markiewb\netbeans\plugins\resourcehyperlink\ResourceHyperlinkProvider.java,de.markiewb.netbeans.plugins.resourcehyperlink.ResourceHyperlinkProvider$Anonymous1,preferenceChange/1[java.util.prefs.PreferenceChangeEvent],evt,2
C:\Codes\lab02-experimentacao-grupo04\..\lab02-experimentacao-grupo04\nb-resource-hyperlink-at-cursor\src\test\java\NewMain.java,NewMain,main/1[java.lang.String[]],args,0
C:\Codes\lab02-experimentacao-grupo04\..\lab02-experimentacao-grupo04\nb-resource-hyperlink-at-cursor\src\main\java\de\markiewb\netbeans\plugins\resourcehyperlink\options\ConfigOptionsPanelController.java,de.markiewb.netbeans.plugins.resourcehyperlink.options.ConfigOptionsPanelController,addPropertyChangeListener/1[java.beans.PropertyChangeListener],l,1
C:\Codes\lab02-experimentacao-grupo04\..\lab02-experimentacao-grupo04\nb-resource-hyperlink-at-cursor\src\main\java\de\markiewb\netbeans\plugins\resourcehyperlink\options\ConfigOptionsPanelController.java,de.markiewb.netbeans.plugins.resourcehyperlink.options.ConfigOptionsPanelController,removePropertyChangeListener/1[java.beans.PropertyChangeListener],l,1
C:\Codes\lab02-experimentacao-grupo04\..\lab02-experimentacao-grupo04\nb-resource-hyperlink-at-cursor\src\main\java\de\markiewb\netbeans\plugins\resourcehyperlink\options\ConfigOptionsPanelController.java,de.markiewb.netbeans.plugins.resourcehyperlink.options.ConfigOptionsPanelController,getComponent/1[de.markiewb.netbeans.plugins.resourcehyperlink.options.Lookup],masterLookup,0
C:\Codes\lab02-experimentacao-grupo04\..\lab02-experimentacao-grupo04\nb-resource-hyperlink-at-cursor\src\main\java\de\markiewb\netbeans\plugins\resourcehyperlink\ResourceHyperlinkProvider.java,de.markiewb.netbeans.plugins.resourcehyperlink.ResourceHyperlinkProvider$FileObjectTuple,"FileObjectTuple/2[de.markiewb.netbeans.plugins.resourcehyperlink.FileObject,java.lang.String]",first,1
C:\Codes\lab02-experimentacao-grupo04\..\lab02-experimentacao-grupo04\nb-resource-hyperlink-at-cursor\src\main\java\de\markiewb\netbeans\plugins\resourcehyperlink\ResourceHyperlinkProvider.java,de.markiewb.netbeans.plugins.resourcehyperlink.ResourceHyperlinkProvider$FileObjectTuple,"FileObjectTuple/2[de.markiewb.netbeans.plugins.resourcehyperlink.FileObject,java.lang.String]",second,1
C:\Codes\lab02-experimentacao-grupo04\..\lab02-experimentacao-grupo04\nb-resource-hyperlink-at-cursor\src\test\java\NewMain1.java,NewMain1,main/1[java.lang.String[]],args,0
C:\Codes\lab02-experimentacao-grupo04\..\lab02-experimentacao-grupo04\nb-resource-hyperlink-at-cursor\src\main\java\de\markiewb\netbeans\plugins\resourcehyperlink\options\ConfigPanel.java,de.markiewb.netbeans.plugins.resourcehyperlink.options.ConfigPanel$Anonymous1,actionPerformed/1[java.awt.event.ActionEvent],e,0
C:\Codes\lab02-experimentacao-grupo04\..\lab02-experimentacao-grupo04\nb-resource-hyperlink-at-cursor\src\main\java\de\markiewb\netbeans\plugins\resourcehyperlink\ResourceHyperlinkProvider.java,de.markiewb.netbeans.plugins.resourcehyperlink.ResourceHyperlinkProvider$Pair,"Pair/2[First,Second]",first,2
C:\Codes\lab02-experimentacao-grupo04\..\lab02-experimentacao-grupo04\nb-resource-hyperlink-at-cursor\src\main\java\de\markiewb\netbeans\plugins\resourcehyperlink\ResourceHyperlinkProvider.java,de.markiewb.netbeans.plugins.resourcehyperlink.ResourceHyperlinkProvider$Pair,"Pair/2[First,Second]",second,2
